ID	time	conc
A	0	5.06831743338947
A	0.75	1.37541298389669
A	1.5	1.1583604668588
A	2.25	1.32339105140404
A	3	0.277341898535694
A	3.75	0.546957153283632
A	4.5	0.421950310661974
A	5.25	0.365487600807314
A	6	0.210235505684078
